{
    "0.04": [
        [
            400.0,
            7100.0,
            19600.0,
            50000.0,
            73300.0,
            85500.0,
            92800.0,
            93900.0,
            93300.0
        ],
        [
            0.0,
            0.0,
            0.0,
            1300.0,
            5000.0,
            11900.0,
            15000.0,
            20800.0,
            24800.0
        ]
    ],
    "0.06": [
        [
            200.0,
            6000.0,
            20000.0,
            61900.0,
            106800.0,
            126900.00000000001,
            131900.0,
            138000.0,
            137500.0
        ],
        [
            0.0,
            0.0,
            0.0,
            700.0,
            3200.0,
            11300.0,
            23600.0,
            32099.999999999996,
            36500.0
        ]
    ],
    "0.08": [
        [
            100.0,
            3700.0,
            16800.0,
            64100.00000000001,
            127700.00000000001,
            170300.0,
            175900.0,
            179700.0,
            174800.0
        ],
        [
            0.0,
            0.0,
            0.0,
            400.0,
            3100.0,
            12400.0,
            24300.0,
            38200.0,
            47400.0
        ]
    ],
    "0.1": [
        [
            100.0,
            3600.0,
            14900.0,
            64500.0,
            145400.0,
            205200.0,
            218700.0,
            221700.0,
            231200.0
        ],
        [
            0.0,
            0.0,
            0.0,
            400.0,
            3900.0,
            14500.0,
            27200.0,
            43900.0,
            57100.0
        ]
    ],
    "0.12": [
        [
            200.0,
            2400.0,
            15300.0,
            62000.0,
            161100.0,
            240500.0,
            272900.0,
            260000.0,
            273900.0
        ],
        [
            0.0,
            0.0,
            0.0,
            500.0,
            2300.0,
            13500.0,
            34200.0,
            51800.0,
            66500.0
        ]
    ],
    "0.15": [
        [
            0.0,
            2500.0,
            11700.0,
            59500.0,
            170300.0,
            289700.0,
            326200.0,
            336500.0,
            341100.0
        ],
        [
            0.0,
            0.0,
            0.0,
            100.0,
            2600.0,
            12500.0,
            37000.0,
            58200.0,
            69300.0
        ]
    ],
    "0.2": [
        [
            100.0,
            900.0,
            9300.0,
            46900.0,
            169400.0,
            358900.0,
            436700.0,
            451100.0,
            443300.0
        ],
        [
            0.0,
            0.0,
            0.0,
            100.0,
            800.0,
            12900.0,
            37900.0,
            68500.0,
            89800.0
        ]
    ]
}