{"optimized_params": [1.9999000036287002, -1.00009999513739, 9.99970856994013e-05, 2.0000999939082384, 9.999786361011408e-05, 1.9999000066974062, -0.00010006101023313219], "costs": [3918.1677590556765, 3917.9587127110485, 3917.7496580577354, 3917.540592473284, 3917.33152560442, 3917.122491359839, 3916.9134962666303, 3916.7044722113073, 3916.4954480840124, 3916.2864626352966, 3916.0774520300365, 3915.868448797272, 3915.659517532708, 3915.450553134266, 3915.2415929695576, 3915.0326324913817, 3914.8236874696263, 3914.614783104495, 3914.4058981788194, 3914.19698360124]}