{"optimized_params": [-138.01788939382322, -23.55546651006181, -21.620127207437527, -0.7025890126661125, 0.15424040514603454, 3.8409073992371807, -1.131474291645624], "costs": [7047.602428111632, 8645.836708912479, 8544.867294186553, 8441.749389751476, 6225.700653882099, 6077.562049096082, 6002.515077592647, 1540.2311736446904, 1455.413226327712, 1280.5057614577242, 521.9508394207439, 364.52363485389924, 1078.7848549854496, 636.0226790455658, 1928.8500131106618, 1724.245801098339, 1561.938779117572, 460.14174396446515, 325.76985997131806, 384.62106379533463, 229.53778261585543, 241.09555799011918, 117.68907837000037, 51.48296220477799, 30.387795719249954, 106.12323245104842, 235.74804820894175, 12419.947733878957, 12140.878795720539, 872.8357377254631, 2661209.0730347843, 15818.949498768428, 15818.949498768621, 15818.949498768505, 15818.94949876862, 15818.949498768625, 15818.949498768621, 15818.949498768612, 15818.94949876862, 15818.949498768485, 15818.949498768636, 15818.949498768588, 15818.94949876862, 15818.949498768485, 15818.949498768628, 15818.949498768628, 15818.94949876847, 15818.949498768628, 15818.949498768463, 15818.94949876848, 15818.94949876849, 15818.949498768452, 15818.94949876861, 15818.949498768488, 15818.94949876869, 15818.949498768634, 15818.949498768598, 15818.94949876861, 15818.94949876863, 15818.949498768705, 15818.949498768598, 15818.94949876871, 15818.949498768485, 15818.94949876861, 15818.949498768648, 15818.949498768628, 15818.949498768603, 15818.94949876863, 15818.949498768645, 15818.949498768703, 15818.94949876869, 15818.949498768625, 15818.94949876847, 15818.949498768467, 15818.949498768281, 15818.94949876862, 15818.94949876861, 15818.949498768583, 15818.949498768467, 15818.949498768485, 15818.949498768634, 15818.94949876864, 15818.949498768512, 15818.949498768612, 15818.949498768596, 15818.949498768603, 15818.949498768621, 15818.949498768437, 15818.949498768476, 15818.94949876863, 15818.949498768481, 15818.94949876862, 15818.949498768518, 15818.94949876863, 15818.949498768467, 15818.949498768485, 15818.949498768472, 15818.949498768485, 15818.94949876862, 15818.94949876848]}