{"optimized_params": [1.9360585622063584, -1.5085812632816695, 0.12364849840295956, 2.013806647195234, 0.00327211515215271, 1.9905703983392111, -0.0007776619829566727], "costs": [8972.10772839617, 5232.755305996797, 3433.4481283178507, 2412.1245776314945, 1775.8995301704977, 1354.819218446369, 1063.938127918397, 856.4791057471741, 704.8130008371727, 591.7283858410999, 506.04527911031636, 440.25212792281883, 389.15987123768156, 330.831063479135, 272.35316611990714, 223.92195446798885, 193.66951735481635, 180.83129770304657, 176.23914779839487, 172.88722295103824, 169.5693987879147, 166.26406210778592, 162.97289583336305, 159.69748642220642, 156.43930160037883, 153.19980155560512, 149.98045123408207, 146.78272636555147, 143.60806267714617, 140.45794369207462, 137.33381365535854, 134.23714442297026, 131.1693337173532, 128.13183041044547, 125.12602452527722, 122.15328475093085, 119.21497515620312, 116.31240314907573, 113.4468656478616, 110.61961278690377]}