{"optimized_params": [1.9429089378290338, -1.5372286389780503, 0.05991550788712221, 2.0084435967245637, 0.004443755253708305, 1.993539154205278, -0.0005954893160598836], "costs": [7047.602428111632, 4246.432036633981, 2805.261498684154, 1958.7107759756032, 1420.40854774335, 1059.374568085878, 807.7508209732875, 627.2205474836969, 494.73055914272766, 395.7174945054137, 320.6180108360243, 262.9515609230832, 197.88985634646963, 133.81610300109818, 82.27076948470278, 51.88540384823146, 41.13076442830566, 39.46685122129833, 38.92950814648988, 38.41093257235249, 37.89629338789484, 37.386061426258905, 36.88036352621195, 36.37924991554061, 35.8827345737307, 35.39084935956861, 34.90360140923371, 34.42101477051009, 33.94310666197445, 33.46988555272858, 33.001365788684176, 32.53755984310158, 32.07848530130735, 31.624142787360014, 31.17454430695324, 30.72969631994498, 30.289600966413843, 29.854266213629913, 29.423697032636387, 28.997888507367367]}