{"optimized_params": [1.971523318398789, -1.5379523115953413, 0.12486025394702478, 2.0176325538995834, 0.005125518155492439, 1.98675193243691, -0.0009679693248890115], "costs": [7047.602428111632, 4246.432036633981, 2805.261498684154, 1958.7107759756032, 1420.40854774335, 1059.374568085878, 807.7508209732875, 627.2205474836969, 494.73055914272766, 395.7174945054137, 320.6180108360243, 262.9515609230832, 197.88985634646963, 133.81610300109818, 82.27076948470278, 51.88540384823146, 41.13076442830566, 39.46685122129833, 38.92950814648988, 38.41093257235249, 37.89629338789484, 37.386061426258905, 36.88036352621195, 36.37924991554061, 35.8827345737307, 35.39084935956861, 34.90360140923371, 34.42101477051009, 33.94310666197445, 33.46988555272858, 33.001365788684176, 32.53755984310158, 32.07848530130735, 31.624142787360014, 31.17454430695324, 30.72969631994498, 30.289600966413843, 29.854266213629913, 29.423697032636387, 28.997888507367367, 28.57684567538787, 28.160563412525534, 27.749042273439734, 27.342276553947222, 26.94026286298539, 26.542996242972325, 26.150467197316395, 25.762660673881303, 25.37957534096325, 25.00119533199181, 24.627516041279964, 24.25850949808482, 23.894172735976294, 23.534485771464045, 23.179433725811577, 22.82899513797707, 22.48315018807836, 22.14188207274487, 21.80516556741592, 21.472977624168404, 21.14530053053239, 20.822105947765877, 20.50337059638516, 20.18905960108151, 19.879154616148636, 19.57361996383678, 19.272437813679826, 18.975564483579905, 18.682983053444488, 18.39464672196554, 18.110536842550502, 17.830612752979672, 17.554841223908806, 17.283190224389692, 17.015626431492134, 16.752106900878815, 16.492605981765692, 16.237073942363207, 15.98548294229689, 15.737791836515528, 15.4939619931792, 15.253952738705685, 15.017730480367202, 14.78524978184565, 14.556469590727302, 14.33135655483639, 14.109866447957046, 13.8919537799748, 13.677584236257431, 13.466712210911219, 13.259301348029268, 13.05530207833343, 12.85467385525968, 12.65738074540152, 12.463372486464475, 12.272610608380312, 12.08505204549216, 11.900660037874312, 11.719380966600323, 11.5411787129605]}