{"param": [2.1020291697247773, -1.5520505539736358, 0.17454089093484454, 2.7790240674847073, -3.6039012238749386, 2.705152690070094, -2.5482077679848203], "NIR": [31.381923505700044, 72.31581864203648, 180.97258425227864, 461.83237203783204, 599.0349643863137, 860.131413530694, 1307.107798604259, 1818.8954304330582, 2422.9928075971275, 3291.078839884209, 4021.875628580824, 4625.467630797784, 5124.757247987143, 5665.002163329066, 5997.782971800893], "blue": [5.325704981188362, 9.182231747888329, 19.573145432453263, 46.75481059633773, 92.40471498363003, 166.02582476717035, 308.85016044836607, 462.8657635965991, 613.5058799892671, 754.3079922402186, 923.386985150068, 1036.2977296572244]}