{"param": [2.2476613699587853, -1.5335185237890552, 0.37214497901439947, 1.3738754904537522, -8.951898730459568, 1.3048106923399783, -1.084474034127443], "NIR": [33.22567785616295, 77.95059324802473, 200.69080572745472, 530.0059397776423, 692.490287630225, 998.7169473649466, 1503.9589245650754, 2046.578697392226, 2641.4498087220168, 3428.551189395056, 4045.750608476273, 4532.44010966467, 4922.544013025742, 5334.132525304717, 5582.973414738005], "blue": [13.39161387485596, 22.053794685983462, 44.32160661292917, 98.72764740662825, 182.9556857658817, 307.7747158892406, 528.3940277220916, 748.2895781356752, 952.3876137509807, 1136.3799573705937, 1350.9227301075553, 1491.1121622400203]}