{"param": [2.25551330653112, -1.3056691656198742, 0.4984769347191149, 2.31942225639846, -0.631828119307082, 2.7201431777574223, -0.005981397391665376], "NIR": [67.7495642996998, 159.79159790963834, 412.1243896560029, 1063.762944879831, 1367.0240743609322, 1906.3791574620159, 2720.0437352973054, 3517.5465971721746, 4331.39469807193, 5345.578363965799, 6107.7285463171565, 6694.199769212919, 7157.008097565431, 7639.463153814756, 7928.610555370629], "blue": [4.1780112660192685, 34.730771180880836, 61.585370201082796, 131.88288842446673, 296.77380545945186, 531.2650485973038, 848.5639589502598, 1359.5887816839595, 1832.3640015511176, 2250.6504525078017, 2615.598369645266, 3030.005404119039, 3295.507636596591]}