{"param": [2.5511755767196287, -1.559050301735759, 0.568694474571075, -3.4641205569144824, -0.40244010017899023, 0.4894985080564554, -4.252266420490009], "NIR": [[3.6464735054267807, 6.393454011076356, 14.897621772028783, 44.44139416213392, 113.56514530137285, 257.8262126728735, 585.6724185798424, 957.904809148893, 1322.430236311889, 1659.3837139741584, 2057.90733381001, 2320.2812999133357], [3.6464735054267807, 6.393454011076356, 14.897621772028783, 44.44139416213392, 113.56514530137285, 257.8262126728735, 585.6724185798424, 957.904809148893, 1322.430236311889, 1659.3837139741584, 2057.90733381001, 2320.2812999133357], [3.6464735054267807, 6.393454011076356, 14.897621772028783, 44.44139416213392, 113.56514530137285, 257.8262126728735, 585.6724185798424, 957.904809148893, 1322.430236311889, 1659.3837139741584, 2057.90733381001, 2320.2812999133357], [3.6464735054267807, 6.393454011076356, 14.897621772028783, 44.44139416213392, 113.56514530137285, 257.8262126728735, 585.6724185798424, 957.904809148893, 1322.430236311889, 1659.3837139741584, 2057.90733381001, 2320.2812999133357], [3.6464735054267807, 6.393454011076356, 14.897621772028783, 44.44139416213392, 113.56514530137285, 257.8262126728735, 585.6724185798424, 957.904809148893, 1322.430236311889, 1659.3837139741584, 2057.90733381001, 2320.2812999133357], [3.6464735054267807, 6.393454011076356, 14.897621772028783, 44.44139416213392, 113.56514530137285, 257.8262126728735, 585.6724185798424, 957.904809148893, 1322.430236311889, 1659.3837139741584, 2057.90733381001, 2320.2812999133357], [3.6464735054267807, 6.393454011076356, 14.897621772028783, 44.44139416213392, 113.56514530137285, 257.8262126728735, 585.6724185798424, 957.904809148893, 1322.430236311889, 1659.3837139741584, 2057.90733381001, 2320.2812999133357]], "blue": [[0.4796085561144586, 1.7551299368727795, 6.579831057663528, 20.523029795680223, 26.958116558571867, 38.312909764115915, 55.65967658519828, 73.46070752739728, 92.91067691760573, 119.52427604479846, 141.6132305132345, 160.01144142848509, 175.47587769222514, 192.55454117380827, 203.28725432262434], [0.35196349247424463, 1.502939957301942, 7.729148171386893, 36.408730330119084, 53.02105893092618, 85.4509039106334, 139.90704377580045, 199.51650827731157, 267.2753721881516, 362.7503472756111, 443.5470569474954, 511.5669037895494, 569.1141241543824, 632.9728658432502, 673.2342833261199], [0.8397890744163146, 4.681122302002206, 29.671489214312718, 48.50275858306961, 91.72357497519812, 176.91561541158862, 280.9398054545245, 407.1872649021509, 593.6922902198561, 756.4513694442318, 895.8096569127631, 1014.9486884890005, 1148.1888662743272, 1232.6512682309638], [2.497137992032651, 17.153908392486873, 30.20154791741969, 65.87457170478318, 153.48213957113765, 280.01796335343016, 450.2497394308811, 720.6166024874689, 967.4659742373677, 1183.999494887775, 1371.8575093533864, 1584.2499060701343, 1719.9091670204148], [9.088459912127187, 16.26891665687057, 38.04176872581738, 103.77479195655451, 221.2564143855304, 405.1078420251082, 730.5279061833494, 1047.649254255616, 1335.3456421238989, 1589.9619200079394, 1882.0271929007108, 2070.4314457902015], [3.6464735054267807, 6.393454011076356, 14.897621772028783, 44.44139416213392, 113.56514530137285, 257.8262126728735, 585.6724185798424, 957.904809148893, 1322.430236311889, 1659.3837139741584, 2057.90733381001, 2320.2812999133357]]}